RC T,RC 45,RC 60,RC 90,RC 120,RC 121+,RC A,AP SPT,SPORTCB,PDM CBT,A3MIB TON CBT,LMIB RUB  CBT,MR CBT,SP RUB CBT,LMS RUB CBT,LMS TON CBT,L3MS RUB CBT,L3MS TON CBT,L3MS PPRICE CBT,CSM CBT,SMR TON CBT,SMR RUB CBT,PFMR TON CBT,SiteTraffic,USD Rate,EURO Rate,OP RUB CBT
0.7857552405919596,0.6329053595661411,1.6124147400257416,-1.1933267133083778,0.3504360421824209,0.7079713156719313,0.9265374412538182,-0.8376256592423044,1.3243428485722624,1.5821959499722873,0.07170481961155704,-1.6143684000523473,0.2362440822110824,-1.5683835672502124,-0.5212565798424227,0.15731211469948903,-0.8237933190995115,-0.23522393835997327,-1.1949697847862824,-2.013821710742802,-0.4412074035225786,-0.298881760221177,0.5877931685933289,-2.072733224203893,-1.2280619691840942,-1.246848368730459,74643827.55
0.03963836980472798,0.5003631218064952,-0.9234221474112068,-1.2906956621992969,-0.09040166359640661,0.5657911230157116,0.6428833443657319,-0.7795391746344521,1.3698070885291702,0.6019671390284523,0.5085392743138573,-0.14341847510876832,-0.4013350752355118,-0.7366491605618865,-1.3931944363930753,-1.5992030577386926,-1.0577659587631398,-0.9114539557114787,-1.0235921775734376,-1.1055919828222127,-0.4412074035225786,-0.298881760221177,-0.7972199880497866,-1.0728782677410273,-1.2652074273467326,-1.2675427239871138,112575296.2
1.2612027894359663,1.4044773357177665,1.7660453661917426,-0.8870839612402005,1.0040756663652388,0.3145841388802569,0.31094992301112057,-0.6386932646019572,1.4950474676860064,1.0223210775258258,0.8064411755938339,0.06866873685695905,-0.9405646773519859,-0.5712778928847045,-0.7102668645160095,-0.6407227431826628,-0.923138469250842,-0.8380976917053731,-0.8361449632347238,-0.1389257693262876,-0.4412074035225786,-0.298881760221177,0.17711406761253706,-0.8983911038549045,-1.3054281157637746,-1.2684536044669985,143181205.4
0.29985111285219596,0.10528585140192177,1.4204566375694814,-1.2604850178079532,0.9587150773670088,0.009750587785821592,0.25322085492690344,-0.7547945773956625,1.446624619987229,0.5458852893768699,1.3116998293202229,0.46913058007788594,-0.8704902262694003,-0.0639699389949595,-0.7756232304807638,-0.9238538793086333,-1.0206233090436287,-1.3244358944542083,-0.590916251542313,-0.03886194936967649,-0.4412074035225786,-0.298881760221177,1.3287581064335876,-0.9078385260644876,-1.320562497732821,-1.2367337203351716,200596998.2
1.3110853974610104,0.9116017094141933,2.5760637069769623,-1.2473579330323759,1.6921385391503054,0.18909773245263847,0.7863392276919389,-0.36263165152944765,1.6628554042309258,1.4142963468154144,2.0721726784544736,1.0887372964631123,0.15545179779715018,-0.5482262110278755,-0.8018509977649908,-1.0588913323288323,-0.7999327352517479,-1.0514023370246248,-0.41265752940585354,-0.18115680372846285,-0.4412074035225786,-0.298881760221177,-1.6497990541076197,-1.2781026747086595,-1.3313637182988958,-1.2672302406013898,162287545.1
0.7877072824666852,0.7322306270157454,1.2659834272721124,-1.281356710886178,1.071229122450474,0.5126635342577353,0.28770838638143714,-0.22251104164229504,1.6512118766327153,0.23726315677549747,2.4487082819658963,1.7634637501728,-0.8399198722606159,-0.09841464210876708,0.1967973848846818,0.26464934535886603,-0.4536286285312595,-0.6585182357343966,-0.1693865765371245,0.8132934310591029,-0.4412074035225786,-0.298881760221177,-0.7506108695700913,-1.0483391206130712,-1.3261301105562437,-1.2524251876122015,178737329.4
1.4915289034589603,1.981628500253378,1.4081909472714393,-1.2374627102152083,1.06213811149369,0.5823260657930223,0.7519020699324991,-0.18492253024372887,1.6909448648813736,0.15303712442357378,2.55009237493767,2.574762782192282,-0.9951821635499999,-0.12851479580793704,-0.09433872427470966,-0.2997923400042204,-0.20504916597851558,-0.37407470802189485,0.01843646688649043,-0.6181516517736485,-0.4412074035225786,-0.298881760221177,0.025126210848824014,-0.9405667407379537,-1.3300061875393872,-1.2744452038867766,173392334.4
0.7185684719339457,0.9871928000612191,0.9277844926705044,-1.2484821154456425,0.8502246584708932,0.19971839110817122,0.8872091816644537,-0.1866088754055045,1.7284220820518466,-0.043600609129245786,2.2395304664627975,2.32131171765385,-0.29633783835551075,-0.12851479580793704,-0.001499221774349696,-0.20105499882882566,0.0773191194227516,0.010804510776206937,0.17729245137596852,1.852601735057437,-0.4412074035225786,-0.298881760221177,0.09617593567454279,-0.8838141045382205,-1.2895721505949305,-1.176767013737584,175534198.0
1.1528624058882369,1.9020603355506573,0.5707366696370424,-1.2681228092596042,1.1110736748347774,0.21774238762329118,0.887282695857104,-0.1839110343673634,1.7112406440621792,0.12495578743502386,1.9050099137201872,2.1921392806002404,-0.4392706785028352,-0.12851479580793704,0.3459283559106655,0.37878087622251794,0.1313213373164499,0.054555404786778394,0.22830989379618782,0.6992396053180364,-0.4412074035225786,-0.298881760221177,-0.002582536619549211,-1.4633197968299285,-1.2079039666458318,-1.1681462399402716,174371616.3
1.521850952532968,2.392315004401219,0.7347090508051363,-1.2051168830228702,0.9319702536548866,0.6489255415460288,0.9956272551282672,-0.13730306895708888,1.7469859643465535,0.012598404341249965,1.3153826126635288,2.022941184511146,-1.1369182928508972,-0.27313973849877343,0.7377040702376005,1.061499665260172,0.42522429989632077,0.5682065009732055,0.2696466668501665,-1.207771895424041,-0.4412074035225786,-0.298881760221177,0.595696883890584,-0.726228162831509,-1.1674871783933316,-1.1089758998869974,167306764.4
1.7162943358234595,2.3469676399619086,1.4256534556023948,-1.1410747575709408,1.023698163844061,0.7244797696923144,0.93586898549299,-0.2129994258064786,1.7560378976595332,-1.3107543927336547,0.835621728158719,1.5957160523143425,-1.739409309008551,-0.27313973849877343,-0.25330380181020223,-0.6544579175294253,0.3408367940963876,0.3776648804084148,0.29950840565155656,0.011989436067486266,-0.4412074035225786,-0.298881760221177,-0.3303352913089494,-0.8240951288718845,-1.1912968595476539,-1.1659931760354982,185855019.3
0.7485891456662875,0.5277831744895324,0.42763812912045035,0.24388343148134584,0.7792837569823113,0.7928473031411724,1.0767846127843363,0.08997946253898477,1.7380545893360044,0.5458852893768699,0.46590424570632694,0.6275388029153026,-1.2177982300931465,-0.2729967855936657,0.18661955908248767,0.3059581393421437,0.28503483131715135,0.3503739234540351,0.22931506322943265,2.214510229861387,-0.4412074035225786,-0.298881760221177,1.107795713065966,-1.1301282173024962,-1.1630386913281783,-1.1850428981620682,198786231.4
0.5833529879971647,0.5144531737586127,1.20657019880004,-1.298537367762402,1.0785672165011084,0.28802796261187713,0.9359698284784098,-0.1543448748516623,1.1392305233833642,-1.4235748269408142,0.45054108273183563,0.8667033202782769,-1.3725261427413418,-1.2100576490287627,0.1851528913271258,0.15984872873874045,0.08486081108781064,0.018342493003251126,0.1896160080793659,-1.3087166078620929,-0.4904993964226278,-0.4088399519318548,0.5344661471716559,-1.6166761784689452,-1.1601169244139915,-1.2502587828946483,192827202.04
0.27048081952287456,-0.03602364931833247,-0.23111308195469932,-1.2692616503241163,1.5156319041833581,1.0900356137918654,1.2429751702272573,-0.2082511373994543,1.1245579985648742,0.0968713295198369,0.6324817513223041,0.5648115829233373,0.2768626915892257,-0.23533014390592225,-1.3079100997205597,-1.8223521570583552,-0.28100720419243486,-0.5446371121012471,0.03701017312884265,-0.12476426149272911,-0.4904993964226278,-0.4088399519318548,-0.8440622299634084,-0.5412574952299876,-1.2375586994703411,-1.2935150533853335,275755869.6
1.1320294034017782,0.6397036935780203,1.588646335519522,-1.2951359988458107,1.6071284766181337,1.1153150862279595,1.6862834015816557,-0.33539788270636833,1.0817606764541996,-0.7470452744976378,1.1879382104692118,0.44862761001410234,-0.11240718305950984,0.05642745024796966,-0.6920594677687125,-1.000818331148247,-0.610296085876456,-1.124237945198729,-0.005381633707431185,0.5707020603894971,-0.4904993964226278,-0.4088399519318548,0.12453887799530837,-0.3587197149689436,-1.2617857007287974,-1.3302582223181505,280242189.8
0.6370401180409266,0.5031764160717185,-0.27679751249599044,-0.8087512822880855,1.4744321908446,1.0648996117713188,1.1726756379457874,-0.7000088564286631,0.9684469603919582,-1.9033094650238103,1.4724375197020463,1.1301289985767013,-0.9223157305837862,0.0451338404231789,-0.14334790777028042,-0.01603560774339579,-0.7389928129896285,-1.1979899190624275,-0.14688093199822552,0.5707020603894971,-0.4904993964226278,-0.4088399519318548,1.271212609728251,-0.3681761390213646,-1.2567868683154209,-1.3280288850346702,293132922.71
1.9232324966783174,1.4281224124274081,0.8592814597507793,0.360436005848658,2.382955239971932,1.182764988009834,0.8978920806851077,-0.4930599301768925,0.785885019065173,0.9102685159002862,1.7279966919732608,1.7205393699873295,-0.3823194325618059,-0.012161218075286811,-0.9165657625688871,-0.9531761285206207,-0.5961404667046056,-0.7596118101888308,-0.31930438239796155,0.723557801567949,-0.4904993964226278,-0.4088399519318548,-1.0423872875603952,-0.758135525955922,-1.2008005190235487,-1.2991511347645428,285514830.0
1.707339180358443,0.6187921514022604,0.8520318229892263,1.3188951932957864,-0.027726666958130045,2.4413403005184104,0.9705900592193843,-0.6744506243297755,0.9880458683996763,-0.18415543769497175,1.440721119030941,1.1101953874587382,-0.3441898488034807,0.13280994965702034,-0.5990307486649545,-0.6109336468019436,-0.5617099116013309,-0.5761755143365123,-0.43610376664671846,-0.5726526977769038,-0.4904993964226278,-0.4088399519318548,-0.08277553880109699,-0.5152801481017907,-1.0926265503349837,-1.211022433970831,299981304.23
1.6387936504253398,0.5377264888008442,0.9688781370858366,1.0309193487479025,0.6656865352394357,2.372574028767773,1.9185405093800523,-0.6038704777367444,0.970861810378657,-0.18415543769497175,1.366822885957792,1.5892127953693365,-0.341006363606489,0.17851793868334812,-0.6706005767987325,-0.7120150831716494,-0.7613418466841428,-0.8852970835895622,-0.5083099117913804,1.14675088011778,-0.4904993964226278,-0.4088399519318548,0.3457516502191599,-0.4022018110417319,-1.1127307036391703,-1.270761993696813,298517616.6
1.5125583771060167,0.2052954605101293,0.7081370137554324,1.1681066137450573,1.9969429522992903,1.7726561750342003,2.055750091723569,-0.529402983877212,0.991409117976148,0.5458852893768699,1.0097868461874275,0.9354384980696379,0.3142221683253429,0.30318535613913655,-0.2906864760922707,-0.059554510888788846,-0.5275476607775827,-0.48125141559511647,-0.4475898371516127,0.8050991972957332,-0.4904993964226278,-0.4088399519318548,0.3457516502191599,-0.3429972473962509,-1.138176400760117,-1.2894523074419368,270303503.8
1.9344463705805903,0.9891080162203649,-0.4009482483410932,1.3459545939467041,2.271636224672603,1.901595433904116,1.7412733465529677,-0.5663385793382879,0.9480999442468289,-0.2685244906859243,0.9667280931515492,0.9183639482125783,0.28703984179582537,0.33994771016479114,-0.29802834789009386,-0.20344082511507008,-0.41608220380300104,-0.3017715775713958,-0.41105908156622933,0.11524980988015193,-0.4904993964226278,-0.4088399519318548,0.4263880504644313,-0.9561189286307007,-1.159423274789767,-1.2392772142384552,281023621.4
2.0270134044541344,0.9033026488652236,1.4779284271101036,2.06538906062956,0.9650963354606472,1.237872644294894,1.76917619472608,-0.8436883935222422,0.8136411281907375,-1.7057255091083734,0.647120679322546,0.7917053158808682,-0.3155044829701356,0.03905588914335121,-0.554033969084642,-0.5951920347139302,-0.3737024282914482,-0.24880364753651937,-0.38122975458024894,0.4207110038428187,-0.4904993964226278,-0.4088399519318548,-0.4095989277704328,-0.1801191732813799,-1.180326384663195,-1.250901348418049,260590040.1
0.5764384825111176,0.2841287559259467,0.3000047234158755,0.02337325960059341,0.7322125230984957,0.9518892608531497,1.151040477190447,-1.020176397677734,0.8330798179014578,-2.5246586981324866,0.3037612629245833,0.8099187866247838,-1.537727450260065,0.050024604064246754,-0.7434758304398149,-0.6176702126913111,-0.5404297364790388,-0.4920714496121547,-0.4659412855048862,-0.5530504911387311,-0.4904993964226278,-0.4088399519318548,0.6462750890641461,-0.28136661996726253,-1.1653327457498708,-1.2530675318659994,265123873.9
0.8523979646560057,-0.1742594513209285,1.1872573075395694,0.9444339998026412,1.067487882019202,1.1461891713302583,1.4260742390857803,-3.4732249536609525,0.8349519731852183,-0.015499378515914259,0.11921051039724305,-0.39540889741163804,3.0170072990918344,0.20502513682492549,-1.1619566665479184,-0.9102409210471893,-0.8627662011767925,-0.8134908700206858,-0.7745403442117686,-1.931074341315689,-0.4904993964226278,-0.4088399519318548,0.47031611022626846,-0.601764334996047,-1.1970620901300726,-1.2472468771395315,277617330.0
1.6896103527735997,0.7507275989007394,1.1118331026165233,1.0818474150277237,1.2018302908057874,1.8260078623227716,1.2760403001849443,-0.8508946326837441,0.47606744748505936,0.18111541698096126,0.04978425910761452,-0.8431887723906881,-0.7262397132878555,-1.991704780182241,-0.6388276368759845,0.048088644880237924,-0.8951094891542711,-0.5324732704642958,-1.0697661276461254,-1.6561803429121504,-0.2462077231727959,-0.97905418593544,0.07634200876940413,-1.768542196856931,-1.219921106147891,-1.2477038023224702,130567405.76
0.7742799734838919,-0.1357246875911718,0.7061420738743218,0.14924703989350313,1.1007246458087034,1.7458725743909265,1.5098158031382753,-0.8634280860247858,0.45842357636022424,0.040692724944088515,0.3703086736391299,-0.17606919383761288,-0.7385740065071923,-1.2297612368613133,-1.5058076546694608,-1.5297347264068708,-1.1822389646028693,-0.9750124831333795,-1.224039155096267,-0.5399473404686487,-0.2462077231727959,-0.97905418593544,0.2603241247267442,-0.7161833782844421,-1.2244864116715906,-1.2459768755264053,186828081.35
1.7008436220312158,0.4875996682038038,1.1395876488955903,1.7702547648819031,0.27733317846062033,1.8690291036432145,2.2582194103089126,-1.1924190476603227,0.4451853956401999,-0.9724446098256294,0.3528830796171171,-0.9804945070544995,-1.148924781222129,-0.49656079275791515,-0.7187464074240318,-0.1959392839919242,-1.0132215673954637,-0.6482101856047271,-1.1900077449164808,-0.42738877236296563,-0.2462077231727959,-0.97905418593544,-0.3961016439288265,-0.5363780385845538,-1.1943133203722074,-1.2667323538364967,227948541.89
1.2138487549812291,0.2845995935347973,-0.32453060786000265,1.5604463426950277,1.4181632631719803,1.4565185812345565,1.469151474570868,-0.9637087517184908,0.47210482977779394,0.63000476473422,0.4729893056987126,0.12569683614221744,-0.42979857996727006,-0.47996187104215676,-0.6093952142625568,0.21333434194952233,-1.001895710293141,-0.5808732269454104,-1.2213476858169257,0.8708534993589827,-0.2462077231727959,-0.97905418593544,-1.6528481722532657,-0.36186994940539585,-1.1690152224596866,-1.2206559509968504,229493814.97
1.5315572370828427,1.2435195554834029,0.5580357308809658,-0.03851463370111946,1.0337787369246187,1.892850208777545,0.9299865725120476,-1.1292224561072608,0.4003933313572312,-1.0569995421790372,0.2026178155870865,-0.23405773928168613,-0.7601325625779598,-0.7459023661552212,-0.3769386364893012,0.5404259880525675,-0.5815681543723077,0.3231826704760029,-1.2223746217574187,1.604312050505922,-0.2462077231727959,-0.97905418593544,-1.7845788086757424,-0.6438125501673765,-1.1732577119251717,-1.2369625707018028,208907017.5
1.1483969653315036,1.0354591814972347,0.4769522173598188,0.17381725431532144,-0.05053841519838982,1.4548124954918626,0.5906536709712588,-1.1237154822837228,0.42829928501673076,-0.38105502976999267,-0.30345354676202374,-0.5797049763962221,-0.787801917889259,-0.4023035317543942,-0.6605934394979615,0.15694981875793984,-0.5601143921672931,0.4624939362110422,-1.2973794131024818,0.7723947129906031,-0.2462077231727959,-0.97905418593544,-0.8811298122123683,-0.17556979185013857,-1.1234224585914399,-1.1197002326389276,225205820.5
-0.7250104275501742,-0.01892213933252813,0.1388327551046025,-0.8862011440799389,-1.1304133095909235,-1.9912241898080678,-0.9055436301834635,-1.0665059041525653,0.4627503431913354,1.1063422533361535,-0.5684308105746761,-0.9096511069688814,-0.1384355036947154,-0.39892304473364104,-1.1144634013645474,-0.6793122285232446,-0.746354350885983,0.09478252163541272,-1.3316298335615253,0.10037507128777226,-0.2462077231727959,-0.97905418593544,-0.8014688016197635,-0.2875729816000443,-1.1013115765645134,-1.1210129761367031,219981587.5
-0.5619839704472684,0.2876667008445957,-0.15113441179756523,-0.5804117000167253,-1.210325795983759,-2.0916936319783845,-1.172047981167427,-0.8243815731521869,0.47297869880423904,0.012598404341249965,-1.076983521909135,-2.2101673355794107,0.21598962653718837,-0.23300289147387343,-1.2306221926451275,-1.0689419051941553,-1.069410359023175,-0.5920340250286887,-1.3366721062420714,1.3346186277511625,-0.2462077231727959,-0.97905418593544,-0.029176057833578337,-0.31872254704005853,-1.0878332478776709,-1.0512796041781405,225751116.6
-0.22528706899260473,0.6839783768737985,0.30586159345505004,-0.7410123974759071,-0.9330359741204701,-2.1002550400983875,-0.7120495164372097,-1.2909039136129434,0.4455345415714273,-1.8750794418798427,-0.6773749058110755,-1.4227051309591676,-1.1729122150397897,-0.1685925627529031,-1.0294492422506492,-0.742061952345965,-1.2111517206369469,-0.9873828759663683,-1.2693005859274944,-0.28516767437964263,-0.2462077231727959,-0.97905418593544,0.32215810775783693,-0.45244413816102597,-1.1063182062193202,-1.0778333567667038,228666213.0
0.12941647153747465,0.6955608605856588,1.3013360846626008,-0.6066003975731653,-0.31191386234052204,-1.950292848118852,-0.46722117256248585,-1.128042080728032,0.41236100670698844,0.43369404687830637,0.003985368617819842,-2.6391556861217182,-0.6767904425169916,-0.16863726647946542,-1.275411822519701,-0.8845056670745444,-1.2724749436478866,-1.08503232819603,-1.304561867986307,0.30445171357173817,-0.2462077231727959,-0.97905418593544,-0.07764752766877775,0.028472599574310652,-1.1338826356796274,-1.0643279068615545,224771157.7
0.7112387585213935,1.3294989982336607,0.8592139477623758,0.9065933694450798,-0.7409378929085939,-1.696021649672023,-0.20822141039450698,-1.1591814516466807,0.35194613697963884,0.40564023999358534,0.7602728473396019,-0.9337017919037158,-0.2482660535926257,-0.38715845027091417,-1.3716931960083176,-1.1335662052327093,-1.3262083651944248,-1.1169019207453244,-1.3848834397890375,-0.6825897303918581,-0.2462077231727959,-0.97905418593544,-0.4543180984374524,-0.4604613041375998,-1.1057471267705643,-1.0486224917464557,213360005.3
-0.9861951315681668,-0.8660856427966255,0.2264398003905691,0.36531126069603326,0.39491481554369556,-2.0212095084508017,-0.1592483798550049,-1.263280150780082,0.4091594713073668,-2.8920541468302083,1.0666655213739529,0.37352881020619577,-1.8380827056573816,-0.4207875196333376,-1.380185531539497,-1.2178877340124756,-1.4611666721166001,-1.3494490439678353,-1.4409711411398083,-1.396821387323492,-0.2462077231727959,-0.97905418593544,0.1965325082805401,-0.24660368952664832,-1.0937136899022675,-0.9910788488751734,207039754.5
-0.6364919828143929,-0.15506103775560617,-0.6000268991099251,0.1830969139594299,0.4035677670147945,-1.945834776521955,-0.37179585668454146,-1.628098659347347,-0.7519025977280782,-1.1697633080836156,0.9739553731478025,0.21100885475048195,-3.1442334170819612,-1.685342663650056,-1.6852867389553128,-1.3499154622983685,-1.6186672992964004,-1.581712026230971,-1.5617517619535113,-2.052226525835213,-0.8851645562505005,-1.579538379489881,-0.7028375726807248,-1.4495775098220451,-1.0659588201757073,-0.9644138750060377,139243130.55
-0.32577357350549924,0.04468282145472539,-0.38139120896200257,0.4976817398094102,0.5727339074889903,-1.799411003444722,-0.31901341187396026,-0.9887972610769392,-0.6767512113669121,3.6217667373637945,1.0539428169890754,-0.027489211423186603,-0.18057711841327426,-0.8850322649166633,-2.0978923014758806,-1.9633584493306424,-1.8988922712625067,-2.015969367256434,-1.7827377776480215,-1.0570555660920575,-0.8851645562505005,-1.579538379489881,-0.335680629664115,-0.7842757301998742,-0.979122094204808,-0.823635397594498,210379486.79
0.27287834130829575,0.9883168094502953,-0.6275398172886479,0.9477628598309824,-0.42056798252822913,-1.5771645528711327,-0.17877870719373407,-1.021341025530559,-0.6760667726859357,-0.24039862357011835,1.0345101180080507,-0.23476158932261168,-0.3727994246928689,-0.7284328098433063,-1.4749817178594733,-1.3053938548661284,-1.936177438304091,-2.061044755079504,-1.8180611846474042,0.03394471605990831,-0.8851645562505005,-1.579538379489881,-0.9830623831292138,0.13480861333815713,-0.9297260300906094,-0.7067256001825347,211576301.51
0.11839050968425296,0.43959078736917184,0.2604216393525467,0.8656190170661279,0.43395473268011847,-1.944496625844547,0.21612255046959503,-1.1556280493824875,-0.6857481214238573,0.20919073794985302,1.027778826292906,0.3703269696951944,-0.5460924129571658,-0.6301339219592637,-1.62401264469032,-1.5378944702734267,-1.9122609073822023,-2.15931876327735,-1.6738281792319953,2.4447563111913992,-0.8851645562505005,-1.579538379489881,-1.558635281674496,-0.04644791391470292,-0.9573332591246901,-0.7516192966431827,215099394.78
-1.0933320910525834,-0.9367624868598012,0.7603202675887367,-1.246542903707448,0.8385316428608807,-1.8081217561694871,-0.19255665266810867,-1.2684780415964727,-0.655416953890816,-0.8597298035429958,0.8600642290874123,0.17169970629447162,-1.363635298949209,-2.1810507035227404,-0.6832224951924805,0.148984220808297,-1.3630605935941518,-1.1318751838679642,-1.4447861992264588,-1.46088626395521,-0.8851645562505005,-1.579538379489881,-1.9797066604533713,-1.1195292949522566,-0.9937959719656835,-0.8489598500881008,188297882.29
-0.05744378636692591,0.3583151754577469,-0.2499453658800233,0.09822017070093157,0.9063706695609793,-1.4127215084233185,0.028135012589234377,-1.126468509484497,-0.6649796175198867,1.4982524373239638,0.635466048633006,0.01469418497671784,-0.47708201416221246,-0.9241659132426052,-2.3443809705740337,-2.6366853641698165,-1.6922097504921254,-1.8463445560807439,-1.4843100451286924,0.4285307272459297,-0.8851645562505005,-1.579538379489881,-1.0612669009478752,-0.6165727831750091,-1.0196191497721767,-0.8915353180192341,201374204.87
0.1507162358533453,0.05122052789514955,1.329822422251437,-0.17905850345122884,0.7985757909756132,-0.9512932990763184,-0.17312269380784656,-0.9822276888396355,-0.6497003924178762,-0.6625529051710412,0.4022618301182509,0.037603175386069256,-1.100847041953911,-0.9133349007854114,-1.3290539140940707,-1.1935664538606856,-1.5782075239788986,-1.6688711247941197,-1.4109983904924737,1.9423040735203563,-0.8851645562505005,-1.579538379489881,-0.2533058490169057,-1.3584596461324132,-1.0082526603182211,-0.8916313247676406,201592896.81
0.5574989802112141,0.31907423235041654,1.121030432809645,0.6650795781830664,0.507487977266648,-0.2935564531456461,-0.2396863883258666,-1.0825308468364723,-0.6733199872125766,-0.296653123227286,0.263019925267764,-0.6150997552505785,-1.5112723203842477,-0.9682228833702955,-0.7518946876648192,-0.042047750972463646,-1.6055663541405627,-1.750430380877219,-1.3963646179178317,0.06336596298195754,-0.8851645562505005,-1.579538379489881,0.9367363047546818,-1.7261426537488054,-0.9348150362101272,-0.8168298472160682,226890110.89
-0.1824750420800626,-0.023569331792710476,0.3399462552396291,0.044390522321134676,0.0868076113203477,-0.8829682701865049,-0.09764748904972687,-1.1390654754810614,-0.7004160465019766,-0.35291844867444816,0.271115478438986,-0.71141526602892,-1.1729122150397897,-0.9609467152864238,-0.9120716845048918,-0.3195547581902456,-1.064714192142391,-0.5725060764241082,-1.34445795712784,1.0288102797967713,-0.8851645562505005,-1.579538379489881,-1.4170422506793727,-1.684844156576051,-0.8450608199290085,-0.7669792382111963,186880042.72
-0.48519821432860233,-0.11987338856482344,0.5041610132913391,-1.7964414559109638,0.26848719456041564,-0.922253919581846,0.6070195325756859,-1.3001309303473776,-0.654472862466127,0.63000476473422,0.182094943821156,-0.4135516264993942,-1.437596840891177,-0.8374816588514633,-0.8291767661038837,-0.10168802767529692,-0.8771058303564783,-0.07808744392612199,-1.4136161320459761,0.8214948660530444,-0.8851645562505005,-1.579538379489881,-0.015228709873431794,-1.149594274267433,-0.6934773291910646,-0.6046476545890836,196807229.54
0.8491377741054947,1.2732325619910887,1.8592651495028574,-1.6438617543683811,1.032994409681208,-0.8440767214243756,0.6796659004482838,-0.9814551681683676,-0.6704573387966786,0.4897943733029931,0.2669783895180486,-0.5865540731200338,-0.7324082430708836,-1.0072023310456442,-1.0162870358126002,-0.5977643012652367,-0.9768547818936147,-0.3172843805494128,-1.3971706514956426,-1.3675502707325828,-0.8851645562505005,-1.579538379489881,0.726399026712502,-1.6297154198818098,-0.4080045391369714,-0.22556264008792526,157814706.34
-0.5098718606291524,-0.04400820196078932,0.2676089669891775,-1.2079575569240328,-0.20172617577637125,-1.157101505774668,0.9386361385833092,-1.01009023573878,-0.664436972902139,0.5739273269862025,0.10598138491568425,-1.040214193790221,-1.3101997494385356,-0.8076786643412616,-1.6881791214294424,-1.801839706071839,-1.2689211962460707,-1.0315404277460822,-1.328599683627711,-0.22302149700316187,-0.8851645562505005,-1.579538379489881,-0.23353265534311796,-1.3114241945676375,0.2048811082420474,0.4253521967867668,186373627.56
-0.7938799696380457,-0.4627539555167121,0.8776860605783924,-1.213089676925429,-0.4573007616965217,-1.6523175871491955,0.7898786622969483,-0.7761595923897225,0.5766823946313723,-0.7188790950381666,-0.17660349551561574,0.026985458472632187,-2.3110089669089184,-2.314767044323985,-0.7856547933412031,-0.3996647182281593,-1.2520247322679727,-1.1633416941334438,-1.1968621083773183,-2.1177608204279115,-0.5845899145754496,-0.5465548878696986,0.30202232056405365,-1.707351061338377,0.6696733089505724,1.12870700781857,161589700.44
0.6684405954825704,1.191766932076664,0.4044219033693869,-1.1478279531852271,1.3451323529047483,-0.39189015765671853,0.830186107793336,-0.6005816864840224,0.6883093724842475,2.532786865091377,-0.32805703165749517,-0.9900434574642858,-0.8521556623757777,-2.4227642405563468,-1.9843364656590163,-2.255733568577171,-1.6214978253044867,-2.0155096420809064,-1.1549263094846662,-1.3792702077949943,-0.5845899145754496,-0.5465548878696986,0.19532109019415267,-0.4902241857243598,0.8886506821647562,0.897627993876023,181646663.79
1.1640217602945016,1.9378556506380495,0.7819460021981673,-0.7619005001378734,1.0332439761178125,-0.21645139175835215,0.5965707859842908,-0.28481964607238197,0.704042438381722,1.805986877961608,-0.3186025879097826,-1.899740879053783,0.15545179779715018,-2.459150291014994,-0.5572705250729915,-0.35357864989807325,-1.1842120604647006,-1.2944737362670424,-0.972090415527207,0.21289608043145714,-0.5845899145754496,-0.5465548878696986,-1.3304470675299451,-0.4733125916007944,0.5467236641169404,0.273359069181357,198470175.34
0.8269621041951476,0.7021629078722986,1.551239323109893,-0.9302255228451473,1.1266121498450499,0.23988029913834308,0.438708177690637,-0.5009565506972299,0.7812822774758245,-0.803383638723375,0.15565469953769748,-0.01369139647466979,-0.07322383268068111,-0.9910380999860154,0.13830130556877174,0.522950764523635,-0.8214418139407299,-0.9059530816135686,-0.6962169451204671,0.9870035190654524,-0.5845899145754496,-0.5465548878696986,-0.42447507656797484,-0.2535360866266614,0.02716247309309868,-0.30273550546401173,260748033.49
1.3341864032504205,0.9511407131016789,1.119837722005961,0.4264157694042813,0.46250795684325835,1.3725647497025253,1.196657342571287,-0.4948536496790807,0.8222502164078769,-0.21227558418014436,0.1688979448444031,-0.40219274662500437,0.4338610973968699,-1.1775884495856828,0.20592483232036846,0.8396473970536791,-0.030719724016252368,0.4811882322612006,-0.4365945921904322,-0.06767673707455525,-0.5845899145754496,-0.5465548878696986,-2.2753369233136502,-0.6239901683484333,-0.12528110922754246,-0.2878659811721965,234685401.6
0.5271498792469842,0.1367134876036516,0.2861068161819438,0.4498122668154372,-1.3061211319257864,1.3454421752117312,0.7082930539979393,-0.4157664719888652,0.8604732016005422,0.6860736073464914,0.42318521940632325,0.29138495836512296,1.4621686618286625,-1.0055686871352563,-0.36749995386964074,-0.22385180390879,0.03522765043836426,0.5345467666547769,-0.36185030970404425,1.772325856622893,-0.5845899145754496,-0.5465548878696986,-1.6163025085059688,0.24459610686263458,0.13360278140983567,-0.003491506407839687,270836932.02
0.3252305767318409,0.20381865720996659,0.5231447099029368,0.04936159614140387,-1.2372055924962562,0.7080600510038814,0.4629351093796051,-0.1785203369309337,0.874323147545975,1.442283134454072,0.5557149585445393,0.25100477390982684,2.0109363268016005,-1.0821777499683622,0.16387015467167124,0.5857873813842107,0.04449776957476794,0.5571763456003409,-0.36563883875831843,1.7634333634575725,-0.5845899145754496,-0.5465548878696986,-0.47746058623106347,0.0642912719219968,0.31373637822874884,0.1001413911070314,309761151.92
-0.09917717547003436,-0.15524477817468688,0.2716506537335845,-0.5462839584495226,-1.4817678990730565,0.6721505222618404,0.7338786228579578,-0.30173622156501134,0.9230480208628361,-1.0569995421790372,0.6312956863037112,0.5954864768747034,1.3604191029133832,-0.9668154309802892,0.7807972806196297,1.42568716317538,0.254418259270857,0.7577638730051116,-0.19999460050208479,0.5707020603894971,-0.5845899145754496,-0.5465548878696986,-0.0648487909980027,-0.6009426752426766,0.9301194403154196,0.8428989392747488,284764545.91
-0.002785268580050853,-0.046958398674435915,0.2956627146441678,-0.006485396999643478,-1.5473499967989317,0.43389981126505656,0.21646149190272718,-0.16440149073768823,1.0463902130351845,0.37758393910982113,0.722038420200733,0.8181792234877435,1.3097198538793586,-0.8547294583324009,0.3985640540183682,0.913525918869958,0.514472898869468,1.175570435285735,-0.10195041001920863,0.6106570423646736,-0.5845899145754496,-0.5465548878696986,-0.6497477934315627,-0.47492105809006036,1.0567072136100908,1.0511599640691622,304249860.32
-0.08514534645025103,-0.07787784573108393,-1.1179501900306918,0.8117296965030671,-1.4815359822838348,0.46952041891425866,0.9924453465993951,-0.11203575316727633,1.026139702781092,0.7701613800914593,0.7910113326992769,0.6860670186249442,1.458526823278386,-0.9820393591020353,0.639562621143814,1.2751962965957728,0.6765323958130975,1.4098134945889773,-0.024664903313102147,0.29677173107009164,-0.5845899145754496,-0.5465548878696986,0.2996484166323542,-0.5331272944087909,0.7631498022154737,0.7138624250282924,311701838.79
-0.24938720427592292,-0.035785771346139555,-1.0624608373985085,-0.009894358101591996,-1.5396794384719683,0.4911281542469101,0.9333346320164799,-0.15267107261852952,1.0285024917367205,0.0968713295198369,0.7789985255961913,0.9551394863917454,2.6238021276408876,-0.7716716847347657,1.0967051546730902,1.9783793433969583,0.7860328447787314,1.5863574490664096,0.005371379244694698,-1.4201699039662812,-0.5845899145754496,-0.5465548878696986,0.29370901770690927,-1.0974913107021051,0.9165234987929058,0.6310019522795869,310657336.35
-0.23398954846054426,-0.14738148968798573,-0.9213863354535929,0.041380971340537955,-0.988786483159624,0.5558158478264402,1.0139600956603627,-0.13030589384909652,0.9842878125967015,-0.7752134662942928,0.5464465672212224,1.1136155709065103,1.4767418115750413,-0.7125870705015882,0.45280917790409114,0.6148721002867764,0.8041279782141276,1.48414030957597,0.1236806173140749,-0.822187823536495,-0.5845899145754496,-0.5465548878696986,-0.27844014590426747,-1.0413415764063556,1.2966227202127272,1.198922996756792,319259042.44
-0.45965424537514826,-0.32925181921467517,-1.2597059032907347,0.49192952413434815,-1.5953945486769707,0.2303381248061635,0.8394826892234317,0.05403152969979483,0.5629051618715789,0.7981866402586673,0.37160984226796484,0.7468158651537323,1.0045564713819266,-1.3099330518197874,0.10004532041022648,0.13127662873345566,0.6233254732452664,1.0859282972167559,0.15335441307397554,-1.6732246505498622,-0.2860941377029099,0.01866704964860523,-0.25594693872180996,-1.5471010627762622,1.8706777937201073,1.7784638110486657,196702386.04
0.055154826371477124,0.3750521887467984,-1.2461644559523037,0.5040403474767772,-1.4344711892560613,0.32755653363332565,0.1634909528199395,-0.0009293956598376433,0.5514227515554297,-0.8879057372740621,0.2911773811709691,0.36153669052702064,-0.47078859184958777,-0.3758923695484253,-1.1052467017585597,-1.7575692798577596,-0.14142590221569337,-0.40318481697002323,0.1852972513211686,0.06336596298195754,-0.2860941377029099,0.01866704964860523,-0.43260212981316937,-0.4188979951682476,1.9527685587018455,2.0020949798804466,277292711.17
-0.07613772650395678,0.8183884139525053,-1.4708633316682829,-1.2600372924944538,-1.3499307811706989,0.1713276834642919,0.3470864223145615,0.20003322115901395,0.6151270967602089,1.1063422533361535,0.08984588511735382,0.6867737205203397,0.6240725743656653,0.10995195624780575,0.006095058694098146,-0.051858457497205225,-0.31095307928542865,-0.6688305588787625,0.14101337599063637,1.9693172857642773,-0.2860941377029099,0.01866704964860523,-1.6497990541076197,-0.36502209159222204,1.3664997936739025,1.3177476080204689,294458631.05
0.5393645831605269,1.296596254938148,-0.7781240772294331,0.28062835436480704,-1.2245901111528863,0.04260259158286946,0.013643457756283906,0.3433970075703338,0.6257043186340157,-0.09981305507254828,-0.2008072487593721,0.5749578518583092,0.9796383684544286,0.3449568771757323,0.1278862997879014,-0.09474627006213913,-0.3003787014777835,-0.7630130429352142,0.2404827070943748,-0.579172922893177,-0.2860941377029099,0.01866704964860523,-1.169358213003553,-0.20903970561510785,1.0499785699398494,1.0570364337521565,271470199.66
0.3233179393677723,0.5580870597994614,-1.2858286602800115,1.1597939990592419,-0.8540392042044247,0.05434654569996273,0.921344726223028,0.3431061281967136,0.5845597687604456,-0.3247844615858861,-0.5547297692681643,-0.31587132456251954,0.9938731501269178,-0.14033622794196582,0.24787488359927434,0.10354624410627766,0.1767599271170109,0.09449960582466908,0.27136294929938176,-1.2017963037852277,-0.2860941377029099,0.01866704964860523,-2.0923060552077586,-0.7497243321302407,0.9672694472466626,0.9744826156811098,254326785.24
-0.24692923807701156,0.03630499228093753,-0.8081387045977585,-0.15311366461399925,-1.5143763704240685,0.26935609036733443,0.2861452570339256,0.06637313180005534,0.6078828729866564,-0.803383638723375,-0.4419690889233494,-0.022858728251043008,0.6624185980872931,0.6689745683249566,-0.6201852960713221,-1.1507887312080718,-0.04087133439816224,-0.39532106478600076,0.34507694796483773,0.35071920787738503,-0.2860941377029099,0.01866704964860523,-0.86257836151769,0.5153080464929268,0.9387745255401,0.9200762172956576,284978295.8
0.16380363804840625,0.12783769914766638,-0.07762110392819577,-0.3347323811938526,-0.6379114163015759,0.8546354054648008,0.39820957574948873,0.22870612368324114,0.6084075633019655,-0.07170519715911365,-0.5457255701494418,-0.46714919322678583,0.7288793524408469,0.6032283429870882,0.2785566274309227,0.37467629952021037,0.014478349190077506,-0.20679698934757176,0.2720038699431854,-0.35335728442323333,-0.2860941377029099,0.01866704964860523,0.06265612484339382,0.1431690765985766,0.8616361284258602,0.7348419871232231,284159340.6
-0.3025586513697237,-0.26840926282868527,-0.5719292269572511,-0.8183540370393597,-1.3757754237261546,0.9373961296198992,0.04312154727427478,-0.042706437564633826,0.5789072780485834,-0.8315557610658276,-0.354515984769932,0.004263016372784237,0.0056730806678227975,0.7265847296291073,-0.10109127896200792,-0.2779489197737704,-0.11296328618398467,-0.3657858493353356,0.19933198856048454,-0.06767673707455525,-0.2860941377029099,0.01866704964860523,-1.2666372187411685,0.3830214519404446,0.9082069362236184,0.8524197946706215,290353850.36
-0.4864206546578863,-0.3717631333953894,-1.4422513493275189,-0.1450773852984787,-0.9333550154071694,0.6676967990361381,-0.10846868265072075,0.14285599020339912,0.5790730744975109,0.0968713295198369,-0.39355128054517224,-0.5535763130597876,0.2666944806045554,0.7639903604858371,-0.18002571213229343,-0.26413162076389185,0.04157349261862263,0.03567914910021662,0.08845404690623375,0.6749890990463443,-0.2860941377029099,0.01866704964860523,-1.7139686327938428,0.5197056933067608,0.8821365958667732,0.8447730884307321,281471001.38
-0.410967377884703,-0.2227794768655691,-1.4455026961362898,-0.44339128302947894,-0.8180534962204702,0.7053029408457463,-0.33643721675501465,-0.10475043367981522,0.5564061945635287,-0.015499378515914259,-0.32607323058151827,0.019141102752828883,-0.15142224652765512,0.8347588629061514,-0.18616014764895747,-0.3135319947963959,-0.12755622553977014,-0.24273488470603138,0.049217031393743234,0.13763691571366005,-0.2860941377029099,0.01866704964860523,-0.700035322963561,0.370650110012293,0.7316116301636071,0.5940395277713251,290709703.05
-0.24925729243235673,0.24436369440885067,-1.1246178628844712,-1.1909044224488818,-0.7975318077034379,0.39918606693881103,-0.004797455356617043,0.09280085412501184,0.5826750590670546,1.442283134454072,0.020278474327755976,-0.2470282918918901,0.7393989207139751,0.42303087004839907,-0.7344360274608619,-1.1441449512680313,-0.356366314899113,-0.6407027391107433,0.016065941591872974,-0.08201627886452961,-0.2860941377029099,0.01866704964860523,-1.1166419652963278,0.718407097957737,0.8634943205422133,0.6034699552472161,276381503.39
0.9232334988113319,2.3981927899024478,-1.7424584597808697,-0.2275924001276085,-0.09584791661165759,0.08619948577984066,0.36384782339920185,0.19791072864172018,0.5785040655798038,-0.21227558418014436,0.05909589187986179,-0.2611060137485358,0.8414403547591227,0.9627932345297995,0.28476834521516836,0.13235941251338898,-0.18165752384412653,-0.4740897031396309,0.157889675360402,0.5547753833729369,-0.2860941377029099,0.01866704964860523,-0.9369937576372425,-0.0011695910863447948,0.6945120405756088,0.24844633895600024,284086743.5
0.425792967879994,0.8243213158303092,-0.49633328600644216,0.34771653624307536,-0.006665447149202931,-0.011921151185993859,0.6806707039444226,-0.03977656363548086,-0.913752711193086,-0.6343929635519945,0.023788130113255028,1.0074826312346383,0.3687719828402834,-1.0895511933059534,0.32572863465624663,0.22759284743690447,0.006291264418796,-0.24952625153885652,0.2740475660444625,-1.9697674123262046,1.3103500257080942,1.2011862032114513,-0.532190757912325,0.08418834692512668,0.5244146691310652,0.16093163054049006,163908324.53
0.014132092678907733,-0.24299693423577104,-0.16495398912138795,0.6881893764854735,0.25762719159956143,0.24363114010416798,0.14175047070385455,0.16376387197622513,-0.9065032915450352,0.43369404687830637,-0.6889651358612636,0.10877732755825127,0.7885813160144592,-0.2639725343784075,-0.5436825338316225,-1.0057224194135226,0.07149619149191455,-0.1840301734409959,0.3394893919331678,-0.5004661603299224,1.3103500257080942,1.2011862032114513,-0.8184832602754224,0.23242034535640482,0.4092861700416641,0.03946839126629796,250190349.39
0.4571808096242907,0.5038381965167629,0.19739165791228694,0.4081018269990398,0.06714463101651522,0.1944635102131798,-0.15027097289576705,0.5245293280243728,-0.9041150360616319,-0.21227558418014436,-0.9298650301035998,-0.282046062020227,0.4372959733621774,0.3498005507473337,-0.02995895054117548,-0.3499179013990166,-0.0428226744157301,-0.38556831340430475,0.32970981070622624,0.9453661557997141,1.3103500257080942,1.2011862032114513,-0.9470535705776133,1.0769407737527754,0.3880840367486117,0.046314853151308226,304582267.56
0.7207541416721637,1.0892919563380485,0.06658853335010256,0.43322307049376074,-0.3837517768263645,0.18389971462423446,-0.6251995817778735,0.44070884791539683,-0.8891634758757635,0.7141048962046398,-1.0325475987429584,-1.1241265786337549,0.205876330745056,0.449182593936763,0.6553578625718549,0.8623881696694652,0.0802366559155134,-0.14390021734237984,0.3193245026566115,0.9953513949052205,1.3103500257080942,1.2011862032114513,-0.5914509108148265,0.8954620571436646,0.2676495363709183,-0.06311159998621725,301793649.44
-0.6878870107459542,-0.9116947918924638,-0.12189401517279927,0.2188919417138542,0.029936136703488343,0.06545336005320863,-0.7436522631031252,0.7847805489552012,-0.8715346686405259,1.1343459627775303,-0.9915091111630582,-0.6224477424784401,0.16216122673273312,-0.2317170646134465,0.5199661237897991,0.40869411412773954,0.44713224689578257,0.4487738051032051,0.4154064922488092,0.4756255141154622,1.3103500257080942,1.2011862032114513,-1.5768197630688876,0.79038520135768,0.3204194775952586,0.12392007216188128,284351610.98
0.27289828061179705,-0.13315163110705416,0.6777368958423722,1.147109258115593,-0.4197407979679432,-0.09644443512045475,-0.02351390854561305,0.7206409671462238,-0.8845493608311381,0.23726315677549747,-0.9602356813413941,-0.46201673917822844,0.565005091277522,0.44532417040192657,0.6832195884777238,0.398212177400312,0.6894342812961298,0.7399857538620286,0.5692011481569696,0.6749890990463443,1.3103500257080942,1.2011862032114513,-0.20595485642418448,0.8215652498480974,0.3679089417802459,0.21962683719917733,320980823.78
-0.08989061544433866,-0.3654010518432232,0.7739443146310842,0.41760742235298987,-0.39890672974146063,-0.10833450580986242,-0.23847163328964632,0.7562411699472669,-0.8826101956597789,0.6860736073464914,-0.7746429620241612,-0.6606411523941144,0.8061823799905874,0.418047344543158,1.1161767161762477,1.0794735870470167,0.8480266583637714,0.8148395238037465,0.7575879453170647,1.351846119794746,1.3103500257080942,1.2011862032114513,0.702018283558372,0.4128076425277097,0.5029723323427441,0.5498088468379948,326767584.35
-0.34340168220565503,-1.5197034221529637,0.802786989460378,2.0638378162721858,-0.1623619479069803,-0.08887965212570134,-1.035358530297323,0.7494068601275006,-0.8802888369099993,0.20919073794985302,-0.6866896788738416,-0.15660738584968736,0.8590969729766669,0.37255830948384916,1.1654488811669905,0.9498533857757168,1.065222530685855,1.0056186057449548,0.9477611392377736,-0.43407058917122204,1.3103500257080942,1.2011862032114513,0.7286111242407901,0.753049564701631,0.5014100610551312,0.6836109194377892,315712112.24
-1.1626738535308745,-1.5580801824286479,-0.8291040375345945,1.3911500182649135,-1.4997351390583704,-0.022334791597079368,-1.1869630520062326,0.9127229538944878,-0.8799140083880161,-2.5811704609961352,-0.6248476990059648,0.4217766358104254,0.7745140042207936,0.3498005507473337,0.8675337177017587,0.3631199923572354,1.1261887477859949,0.9928883592786922,1.066349699113769,-0.5986926187165669,1.3103500257080942,1.2011862032114513,0.44492436425077375,0.7178074938089266,0.3580846749271523,0.5522345243923342,344313066.35
-1.4810205305123836,-1.7023518742417616,-0.4411887460737985,0.5419291734389864,-0.32261401314790933,-0.17329216058095803,-1.239475016192368,1.848171622168533,-0.884182412408157,-0.8597298035429958,-0.8112172052035738,-0.20358056758297638,0.05866120675184702,0.3498005507473337,0.287952344418345,0.001961526100960508,0.8507420372519338,0.604428756440494,0.9477350838356404,0.10780740987414801,1.3103500257080942,1.2011862032114513,0.5606193085469205,1.068574927291032,0.36062920778620944,0.4904571372555386,299818063.58
-1.1518306378081662,-1.4073300968208493,-0.1861535714975358,0.7753807732862421,-1.407165489376721,-0.13670627724206738,-1.303108703653421,0.45682750018437035,-0.8991827362189181,0.06878367024809408,-0.5088868374215756,-0.10142405622394891,0.2599206688615246,0.2221862560804888,0.578926187516893,0.6902825371196768,0.6486295735419696,0.5128604166584052,0.7031811368921158,-0.2368979007575077,1.3103500257080942,1.2011862032114513,0.9087527630843789,1.2712652995620606,0.44750373612559324,0.5919179708091359,300446566.8
-1.0014344794035301,-1.3588940763862953,0.34696486061681375,0.4313999643637139,-0.43778563540387827,-0.08179887880706359,-1.3317082733504604,0.9748051470409922,-0.9038282865978635,0.06878367024809408,-0.39805388159230953,-0.5700994220980129,0.09859811599253811,0.35890475926878,1.0993382508045115,1.663669463363595,0.729560002273069,0.9619859916049135,0.44124498008094654,-0.9281806348110835,1.3103500257080942,1.2011862032114513,-0.15377001613522268,0.6183627822033508,0.42309616708663583,0.6109347749852366,314925570.46
-1.3581653738143595,-1.354252557290303,-0.9204635225077016,0.32622063834524717,-1.3767270399818547,-0.06508747092228456,-1.2843167960846529,0.6775383951554834,-1.3419508941376153,-0.38105502976999267,-0.30442343664928617,0.37682063273964966,0.6763866754189117,-0.1908334889801209,0.9690728611381011,1.3447390732413047,0.958510109021861,1.4331835950666452,0.40900987616502665,-0.7400461724567393,1.297737938239936,1.2436735930875893,-0.28374403085579614,0.7744209786822414,0.2929410432988161,0.5895008506770248,253942432.27
-0.9503555840074321,-1.6130655328583239,0.23769241807634697,1.2462567712412815,0.12938524079528488,-0.1317567594084921,-1.1331624407260643,0.5782606543082054,-1.350989203342155,0.18111541698096126,-0.729913672854597,0.07518678410937767,0.25315087436861544,0.24883535815692714,0.1334351653206611,-0.10238172217340222,0.8121274390401003,1.144328022385661,0.4136798160944595,-0.5399473404686487,1.297737938239936,1.2436735930875893,0.2231095992084453,1.174685423915052,0.29471544916839987,0.6934270866363329,282210260.99
-0.2161112668671314,-0.4196055673255873,0.21387036858480654,0.8601457174688855,-0.43382438977514814,-0.41044000528986957,-1.010480669377749,-2.039048077179679,-1.350928978497867,0.2653327397378541,-1.1526593594727692,-0.22587794847968182,0.22948849105036512,0.5956092986383976,0.7404307932986111,0.9036739395185893,0.6881142788760655,0.8906930050759161,0.4269640218750054,0.9536799625078882,1.297737938239936,1.2436735930875893,-0.006373047680963086,1.4199865071193043,0.3105666022420588,0.6955328972469247,324144445.04
0.1942834491356317,-0.6975542873520222,1.0223788081853398,1.957014155049165,-0.881797582472939,-0.4394780900475679,-1.2524147586425989,0.6145093077817443,-1.3506616016941921,0.5739273269862025,-1.7523823901804745,-1.0695449396396108,-0.08303582985642645,0.6954060469114905,0.9525390741928975,1.206001336959958,0.6823457846878396,0.844281775369164,0.455857564720964,-0.16008817518378796,1.297737938239936,1.2436735930875893,-0.5569443456614032,1.4565947464221194,0.5621992633403949,1.1129395960446156,339771807.12
-1.3279081761478007,-1.5448205238732,0.09794209565883807,0.5248917029017265,-0.7168875517108958,-0.4620209509349229,-1.1505601789192679,1.0192451280754267,-1.3506616016941921,0.12495578743502386,-1.8477226200813313,-1.3332709008194628,-0.318695548544625,0.4958368888061432,1.0258010325971447,1.155644712094972,0.9816222606735479,1.2947210587490574,0.5615620202887441,0.22806266870750563,1.297737938239936,1.2436735930875893,0.5070566792397261,1.258339254639148,0.6951587858289675,0.9362996553950087,309808546.49
-0.5130401415003407,-0.07364220058376844,-1.645714613653718,0.5166327591120131,-0.9832514383306755,-0.5842123587717009,-1.4414116404583341,1.3189965591846542,-1.3506616016941921,1.0223210775258258,-1.9987825635527374,-2.388300057205282,-0.48022746926231275,0.545574554269772,1.578063745556053,2.1808484620130146,1.263466865222345,1.707489736066951,0.6623136970322732,0.1451191011127554,1.297737938239936,1.2436735930875893,0.682004570140623,0.8856354225325611,0.7341916819390472,0.9241229098699295,372680219.51
-2.2886954720092447,-2.085638027083587,-1.3408254260314518,0.22993299033691997,-0.9794818490046632,-0.6176710163820816,-1.463948667488623,0.7288410435989807,-1.3506616016941921,-1.479993838095005,-1.6562347158572555,-1.1721565148955515,-1.354740179316245,0.6969151228944436,0.8551295244198012,0.5002074685056064,1.2314650853955311,1.4680079369390784,0.8235846370083623,1.1044819526396223,1.297737938239936,1.2436735930875893,1.7081387920185434,1.2846989724143325,0.7472635308770297,0.9335458350097087,345591741.84
-0.732944755353556,-0.9986036685702029,-1.1624872145011906,1.7070079915048406,-1.4326037867256054,-0.6354263190254207,-1.2583497125979577,0.9630044926678724,-1.3469790277436566,2.0856142708391854,-1.877317052428577,-1.7666201836948183,-1.0314883993835717,0.720402665708895,0.8538791124319105,0.8588563937219,1.1746497176953752,1.3682403532401037,0.8164932547104994,0.26614245998190783,1.297737938239936,1.2436735930875893,0.9838588693878234,1.286308904736355,1.0039068327186835,1.1986871530279393,347687033.79
-1.424422472463691,-1.413990264546034,-1.525454012413927,1.1158840509516506,-1.5131820124089634,-0.5946892679303233,-1.429921099385056,1.205266631242242,-1.3447329826727454,-0.12792409979474828,-1.751034359288076,-0.7783633018272837,-1.0042665277318872,0.7452944815303995,1.3080826729161597,1.102277395296656,1.0826580296417931,1.0187489573258854,0.9657428255518026,-0.6051856528232421,1.297737938239936,1.2436735930875893,1.2547014711535573,0.9179315876906756,1.1289918835307151,1.4081725789559603,352365205.49
-0.9854620433351675,-1.0991095037797771,-1.364596350463509,1.4096385574926233,-1.4105859997962444,-0.5975212226271504,-1.4569380823505063,1.774375118261163,-1.3439368615131333,1.1903484904638988,-2.0226792903177473,-1.9745140843918036,-0.32188565713485695,1.0205071497674139,1.106965000337213,0.7565365472203256,1.1666662363642586,1.1090055623478996,1.0229195219089524,-0.46736322089605503,1.297737938239936,1.2436735930875893,1.1987417638247098,1.6202404366471819,0.9848600935163367,1.116286179491416,350873185.58
-1.6827122014363312,-1.6239438878516592,-1.5122550857054369,0.7066220703680253,-0.6050002841820975,-0.5360798002575838,-1.3882708196750186,1.2859953065576277,-1.3285697801568161,0.20919073794985302,-1.852949209497302,-0.9254449272177978,-0.34737239841472634,1.093070500223396,1.0571519780215475,0.35678966935618966,1.2339139205581267,0.9314553886827854,1.3026288485492723,-0.1951515554814233,1.297737938239936,1.2436735930875893,1.79343640043308,1.6521691443119886,1.0134209860718366,1.0935358637061696,379165052.52
-1.8705543840359948,-2.2364872628248493,-1.2997746018816114,1.7651771113463253,-1.4889135949984216,-0.5268409004843262,-1.3977430733254377,1.5063235110596849,-1.3285697801568161,0.4617454089007923,-1.6503934315224604,-1.5671330968125663,-0.2835405827846849,1.149625192582202,0.6478341639586145,-0.30850871217341586,1.013749354023029,0.40894579421481525,1.436879570351827,-0.5921928445620558,1.297737938239936,1.2436735930875893,1.2794564643973405,0.8908402143676849,1.1004294778495414,1.1220475720972587,378915528.22
-0.6092355212840125,-1.2836004705190067,-0.7257524039156886,1.892326550962416,0.4263415341906252,-0.5017570798662723,-1.1499830773779958,1.3236953538719154,-0.9474645481011692,0.7981866402586673,-1.3835270180513146,-0.8665903691774853,0.6763866754189117,0.7113041138550528,1.0869225492232997,0.20347973271059702,1.0069495350782118,0.20431346020595156,1.6208078458019692,-1.7411131665723247,1.4178340809265146,1.5546878769608314,0.6272143097040072,0.8315230353878794,1.1033904982813212,1.1092189340514254,327195655.1
-0.8239648447289978,-0.9200641180449389,-0.7844739889688132,0.6834047071435867,0.13218748696737156,-0.4198462247576687,-0.3600781753833289,1.5249630270762595,-0.9393243983793702,-0.296653123227286,-1.4754075828824564,0.08620772044294699,0.8944647577548911,1.4675014990649597,0.9029879858560151,-0.2425014503068526,0.9548011518813782,-0.03407619396534355,1.7760547187038331,-0.8535247970767865,1.4178340809265146,1.5546878769608314,0.7396608870272625,1.2329403481089083,0.9827433599128277,1.0436896012006955,345440064.5
-0.6277544757038517,-0.3984629049934625,-0.8825222493268893,0.17073878655127495,-0.6844900784165411,-0.400543479942222,-1.1114162975215944,1.6915758098353426,-0.9390112951060284,0.06878367024809408,-1.4174343768349094,-0.17596582846195474,1.133230242561802,1.5127680146903189,0.8540932091895092,-0.26716730877915046,1.023640221775229,-0.016535322269508514,1.8850241491907769,0.24326674446855606,1.4178340809265146,1.5546878769608314,0.9549772633934362,1.4199865071193043,0.9256084073824616,0.97956677294278,349207966.9
0.1372956108823617,-0.4494998317778469,1.5117085317862469,1.0268341390809717,-0.5906346870853025,-0.3983018701699765,-1.1880374188513103,1.528820201474192,-0.927536030012871,-0.38105502976999267,-0.7052647772688421,-1.06232779516552,1.1691247141473355,1.986641398450511,1.7424792199392338,1.012503246656059,1.2465675688111286,0.28224994073153664,1.9612884332896863,0.5230180558063328,1.4178340809265146,1.5546878769608314,0.638433294833823,1.5998864464355569,0.8835721662193955,0.8663664999494445,398906345.66
-0.261824493410961,-0.7605837124928372,-0.0016545891233502308,1.4461807247844378,0.11812731483017212,-0.44062882572806106,-1.0708808286383655,1.4445399593035735,-0.937001212965735,-1.0569995421790372,0.04703783741887986,0.34331804062139937,1.0580651199895295,1.031857149467532,2.2164796596476326,1.9030726347123115,1.6829074158721213,1.045261420385316,1.9323202258824996,0.9870035190654524,1.4178340809265146,1.5546878769608314,-0.21119828105400115,1.7010276608250179,0.8991928995564321,0.8391520053481069,396649100.38
0.19596438817217973,0.190417602035526,-0.40047160618804684,0.5944752867506486,1.1386146944569746,-0.4068614937899161,-0.6878631173414881,1.7389236770589773,-0.937001212965735,0.4617454089007923,0.019257578370828532,1.513279950092146,1.1296443660396223,1.220966318651816,2.135489246744329,2.0769987216393546,2.09400875121648,1.8511915142868303,1.836609462756711,0.5627347437626974,1.4178340809265146,1.5546878769608314,0.7440758108481352,0.7321761464579191,0.8528740869118571,0.8699482551810638,375388289.97
-0.3910645514791668,-0.5816185869934989,0.30072322986952876,-1.1945254167135995,1.6682816665542348,-0.39980689687890486,-1.2460050406000418,1.6603353277986184,-0.937001212965735,-0.5217750783280237,-0.6070350690640173,1.3804520453867188,1.3531690994940686,2.1789651962666037,1.7402069455304585,1.2076159022634207,2.0932821969564017,1.9152674083419399,1.7732294440687968,1.7279180200596473,1.4178340809265146,1.5546878769608314,1.6330415345658296,1.5167837913240678,0.7718760808715829,0.719588164289664,428592477.82
-1.946930069422873,-1.847608749097424,-0.6944185607811078,-1.126632184653351,0.37306239361588767,-0.2362364324756761,-1.3087219728104,1.1725422624361916,-0.9239132641050101,-1.6775043398477043,-1.294948879521183,0.10801212383769063,0.6310373036158207,1.982380098141698,2.294536487783832,2.330965631220652,2.1186692297978933,2.04705087300159,1.6977451315420355,0.26614245998190783,1.4178340809265146,1.5546878769608314,1.8217154563039897,1.1648251691150744,0.9563978243182535,0.9043737671739338,430229614.49
-1.0562268121439693,-0.9184196715501666,-0.3131596244145437,-1.0903063545321574,-0.09210640091821919,-0.21720504111199118,-1.0948057968210616,1.5818937707923035,-0.9077888391500948,0.4897943733029931,-1.6182236033087702,-0.41174806860877977,1.1260591422703798,1.727074501692196,1.4677090181235803,1.3288482106777642,1.9035224001891895,1.8107931965138027,1.569166510404883,0.7073381815776844,1.4178340809265146,1.5546878769608314,2.113846235062443,1.2090585976976171,0.912833961598366,0.8924159338507062,386200076.59
-1.2595724973000626,-0.9880238324269333,-1.2308061940439783,-1.0481210508932735,0.16084555526202735,-0.20379215702979797,-1.017900178988046,1.588861165487398,-0.9077888391500948,-0.5780795678234145,-1.6628205117693635,-0.6501212544135876,1.197886635805428,2.207890450770279,1.3223143887192266,0.904067856832547,1.7686452436860047,1.7101387208777428,1.4416532925835497,-1.4201699039662812,1.4178340809265146,1.5546878769608314,1.8489483182042248,1.6430625894736868,0.8627114441214926,0.7385768426551059,395214811.96
-1.2762452039110905,-1.0853155173382718,-1.2783626980680356,-0.8820386691717397,0.5146212494560274,-0.17856533493355836,-0.8631727077027818,1.4917357603565404,-0.9295429723019082,-0.4091941523698295,-1.1095036980997548,-1.3778892606134459,0.5615380180827185,1.4712023408648014,0.7926968425991748,0.15912388504931704,1.272450393488183,0.9857080524878719,1.3102123301198882,-0.989821883664297,1.4178340809265146,1.5546878769608314,2.538926878481183,1.216668363730671,0.8240319046435998,0.7067295401209235,337661226.51
-1.1613091803348483,-0.8643019302672851,-1.3732102428090789,-1.00638738708824,0.18028571740099056,-0.16360053154694612,-1.0839741606416318,1.4899098164159765,-0.9187434075638691,1.1343459627775303,-0.44386722260550937,-0.7548197490927898,1.4621686618286625,1.976159455967229,0.3159135587530929,-0.47492004385962694,0.888876424068513,0.31648328820041066,1.2934444149010078,0.019297219452908302,1.4178340809265146,1.5546878769608314,1.6479076676073618,0.9345738652440845,0.7517849961045946,0.6463941449773213,352580951.96
-1.9198574905782078,-2.0105823084715855,-0.770621102329953,-0.8788326534694929,1.3994684368391022,-0.35900736200335,-0.9314313290639262,1.390934414513534,-1.1974107397622658,-1.2261550149418723,-0.08477665002405425,0.8632345565987967,1.0580651199895295,0.6487240024065951,1.2879662982398883,0.7378961960837479,0.8769551895840288,0.2571970695184727,1.328897198305565,-0.6116719846981108,-2.1843178264553655,-0.41069111492085225,1.937948170834595,0.9943734212590022,0.6623943809404449,0.5546611178010854,295199303.05
-0.6838814579528582,0.05061174731532383,-1.437425303125932,-1.1276594918535898,-0.6002320678355124,-0.627207964907895,-1.1795559558112825,1.3316744127117879,-1.1943017439101196,-0.6062351719609855,-0.050634642587598935,0.9000633994164475,1.2266892770514775,1.1527594908306966,0.270347810644856,-0.5484177907666306,0.7013905068084024,-0.03550317127284341,1.3081050316380842,-0.4005822020159903,-2.1843178264553655,-0.41069111492085225,0.1661573112152441,1.261034595291092,0.8254705910411171,0.6307195641036325,361193933.6
-1.5640517461804175,-1.0103953753505845,-1.7035309480955443,-1.130118142909094,-0.5646223577583689,-0.6658152724978815,-1.3391981296243631,0.5812707038618122,-1.2086509923412299,-0.9724446098256294,-0.1146361777504614,0.5816615523934108,0.11862767713343601,1.6478278352684863,1.4821883324209477,1.5524883424321165,1.097058550835646,0.7200037928836323,1.270304661359824,0.4756255141154622,-2.1843178264553655,-0.41069111492085225,0.6126004692776852,1.4508565574997734,1.6071476599917016,1.5742757917805075,362594566.75
-0.9646696384582422,-0.43198852385593145,-1.0538652412813883,-1.2441389519109,-0.18339806316404172,-0.7120824695551797,-1.5568362210320934,1.1313541118347104,-1.222992742152539,0.12495578743502386,0.29694683539795597,0.8165875906532549,0.2328657753406782,1.900676181646251,0.9916759509862266,0.9052496897882621,0.9966925357320515,0.7785340343082218,1.0544969680223613,1.180681992662691,-2.1843178264553655,-0.41069111492085225,1.4730533418860665,1.2497055793387337,1.7747734413150003,1.6529543440016872,393278778.5
-1.7572112255853265,-1.2791633291564593,-1.25545654787176,-1.1978695299739341,-0.5369499149119524,-0.7792966654166125,-1.3550551231780814,1.328624915237832,-1.222992742152539,-0.5217750783280237,0.5074056234295944,0.5569323480867056,-0.5053612417000903,0.6549668466288676,1.4737095744538957,1.7483948398210882,1.3926973521603712,1.601106253191362,0.9546389487726661,-0.650451299147436,-2.1843178264553655,-0.41069111492085225,0.6619305528406705,1.2545636339713002,1.5519631841452866,1.402632160504772,285741213.41
-1.6893764485652685,-1.1399842309288268,-1.47386549190947,-1.0953800841077936,-0.5304144854097832,-0.9161556314314722,-1.5893123863357708,1.2179662588534803,-1.222992742152539,0.8822508633844721,0.5261940827937951,1.3823551720313558,0.5962463523356105,1.6540013977825518,-0.0065613373668564744,-0.6471141781556665,0.9049839999997991,0.8009241757261275,0.8640033072765857,-0.25764094101251234,-2.1843178264553655,-0.41069111492085225,0.8339716448691854,1.7010276608250179,1.25846432777815,1.3076637983906547,324178101.97
